{
    "mapOptions": [
        {
            "loc_code":1,
            "zoom": 14,
            "center": [48.14143788944112, 17.108613893253427]
        },
        {
            "loc_code":2,
            "zoom": 12,
            "center": [48.14143788944132, 17.108613893253407]
        }
    ]
}